<?xml version="1.0" encoding="UTF-8" ?>
<XMLDB PATH="local/ku_badge_plugins/db" VERSION="20190517" COMMENT="XMLDB file for Moodle local/ku_badge_plugins"
    xmlns:xsi="http://www.w3.org/2001/XMLSchema-instance"
    xsi:noNamespaceSchemaLocation="../../lib/xmldb/xmldb.xsd"
>
  <TABLES>
    <TABLE NAME="badge_detail" COMMENT="List of badge detail items">
      <FIELDS>
        <FIELD NAME="id" TYPE="int" LENGTH="10" NOTNULL="true" SEQUENCE="true"/>
        <FIELD NAME="badgeid" TYPE="int" LENGTH="10" NOTNULL="true" DEFAULT="0" SEQUENCE="false"/>
        <FIELD NAME="courseid" TYPE="int" LENGTH="10" NOTNULL="true" DEFAULT="0" SEQUENCE="false" COMMENT="CourseID of badge"/>
        <FIELD NAME="sectionid" TYPE="int" LENGTH="10" NOTNULL="true" DEFAULT="0" SEQUENCE="false" COMMENT="SectionID of course"/>
        <FIELD NAME="moduleid" TYPE="int" LENGTH="10" NOTNULL="true" DEFAULT="0" SEQUENCE="false" COMMENT="ModuleID of course"/>
        <FIELD NAME="visible" TYPE="int" LENGTH="10" NOTNULL="true" DEFAULT="0" SEQUENCE="false" COMMENT="Visible of module"/>
        <FIELD NAME="display" TYPE="int" LENGTH="10" NOTNULL="true" DEFAULT="0" SEQUENCE="false" COMMENT="display for the ditail"/>
        <FIELD NAME="timecreated" TYPE="int" LENGTH="10" NOTNULL="true" DEFAULT="0" SEQUENCE="false" COMMENT="time setting was created"/>
        <FIELD NAME="timemodified" TYPE="int" LENGTH="10" NOTNULL="true" DEFAULT="0" SEQUENCE="false" COMMENT="time that setting was last modified"/>
        <FIELD NAME="createdby" TYPE="int" LENGTH="10" NOTNULL="true" SEQUENCE="false" COMMENT="userid of person who created this setting"/>
        <FIELD NAME="modifiedby" TYPE="int" LENGTH="10" NOTNULL="true" SEQUENCE="false" COMMENT="userid of person who last edited this setting"/>
      </FIELDS>
      <KEYS>
        <KEY NAME="primary" TYPE="primary" FIELDS="id"/>
        <KEY NAME="fk_badgeid" TYPE="foreign" FIELDS="badgeid" REFTABLE="badge" REFFIELDS="id"/>
        <KEY NAME="fk_courseid" TYPE="foreign" FIELDS="courseid" REFTABLE="badge" REFFIELDS="id"/>
        <KEY NAME="fk_createdby" TYPE="foreign" FIELDS="createdby" REFTABLE="user" REFFIELDS="id" COMMENT="foreign (createdby) references user (id)"/>
        <KEY NAME="fk_modifiedby" TYPE="foreign" FIELDS="modifiedby" REFTABLE="user" REFFIELDS="id" COMMENT="foreign (modifiedby) references user (id)"/>
      </KEYS>
      <INDEXES>
        <INDEX NAME="courseindex" UNIQUE="true" FIELDS="badgeid, courseid, sectionid, moduleid"/>
      </INDEXES>
    </TABLE>
    <TABLE NAME="badge_comment" COMMENT="List of badge comments">
      <FIELDS>
        <FIELD NAME="id" TYPE="int" LENGTH="10" NOTNULL="true" SEQUENCE="true"/>
        <FIELD NAME="badgeid" TYPE="int" LENGTH="10" NOTNULL="true" DEFAULT="0" SEQUENCE="false"/>
        <FIELD NAME="userid" TYPE="int" LENGTH="10" NOTNULL="true" DEFAULT="0" SEQUENCE="false"/>
        <FIELD NAME="badge_comment" TYPE="text" NOTNULL="false" SEQUENCE="false" COMMENT="Notes of badge comment"/>
        <FIELD NAME="timecreated" TYPE="int" LENGTH="10" NOTNULL="true" DEFAULT="0" SEQUENCE="false" COMMENT="time comment was created"/>
        <FIELD NAME="timemodified" TYPE="int" LENGTH="10" NOTNULL="true" DEFAULT="0" SEQUENCE="false" COMMENT="time that comment was last modified"/>
        <FIELD NAME="createdby" TYPE="int" LENGTH="10" NOTNULL="true" SEQUENCE="false" COMMENT="userid of person who created this comment"/>
        <FIELD NAME="modifiedby" TYPE="int" LENGTH="10" NOTNULL="true" SEQUENCE="false" COMMENT="userid of person who last edited this comment"/>
      </FIELDS>
      <KEYS>
        <KEY NAME="primary" TYPE="primary" FIELDS="id"/>
        <KEY NAME="fk_badgeid" TYPE="foreign" FIELDS="badgeid" REFTABLE="badge" REFFIELDS="id"/>
        <KEY NAME="fk_userid" TYPE="foreign" FIELDS="userid" REFTABLE="user" REFFIELDS="id"/>
        <KEY NAME="fk_createdby" TYPE="foreign" FIELDS="createdby" REFTABLE="user" REFFIELDS="id" COMMENT="foreign (createdby) references user (id)"/>
        <KEY NAME="fk_modifiedby" TYPE="foreign" FIELDS="modifiedby" REFTABLE="user" REFFIELDS="id" COMMENT="foreign (modifiedby) references user (id)"/>
      </KEYS>
      <INDEXES>
        <INDEX NAME="badgeuser" UNIQUE="true" FIELDS="badgeid, userid"/>
      </INDEXES>
    </TABLE>
    <TABLE NAME="badge_access_ctl" COMMENT="List of badge access control">
      <FIELDS>
        <FIELD NAME="id" TYPE="int" LENGTH="10" NOTNULL="true" SEQUENCE="true"/>
        <FIELD NAME="badgeid" TYPE="int" LENGTH="10" NOTNULL="true" DEFAULT="0" SEQUENCE="false"/>
        <FIELD NAME="userid" TYPE="int" LENGTH="10" NOTNULL="true" DEFAULT="0" SEQUENCE="false"/>
        <FIELD NAME="accessmode" TYPE="int" LENGTH="10" NOTNULL="true" DEFAULT="0" SEQUENCE="false"/>
        <FIELD NAME="accesspass" TYPE="text" NOTNULL="false" SEQUENCE="false" COMMENT="Notes of badge comment"/>
        <FIELD NAME="timecreated" TYPE="int" LENGTH="10" NOTNULL="true" DEFAULT="0" SEQUENCE="false" COMMENT="time comment was created"/>
        <FIELD NAME="timemodified" TYPE="int" LENGTH="10" NOTNULL="true" DEFAULT="0" SEQUENCE="false" COMMENT="time that comment was last modified"/>
        <FIELD NAME="createdby" TYPE="int" LENGTH="10" NOTNULL="true" SEQUENCE="false" COMMENT="userid of person who created this comment"/>
        <FIELD NAME="modifiedby" TYPE="int" LENGTH="10" NOTNULL="true" SEQUENCE="false" COMMENT="userid of person who last edited this comment"/>
      </FIELDS>
      <KEYS>
        <KEY NAME="primary" TYPE="primary" FIELDS="id"/>
        <KEY NAME="fk_badgeid" TYPE="foreign" FIELDS="badgeid" REFTABLE="badge" REFFIELDS="id"/>
        <KEY NAME="fk_userid" TYPE="foreign" FIELDS="userid" REFTABLE="user" REFFIELDS="id"/>
        <KEY NAME="fk_createdby" TYPE="foreign" FIELDS="createdby" REFTABLE="user" REFFIELDS="id" COMMENT="foreign (createdby) references user (id)"/>
        <KEY NAME="fk_modifiedby" TYPE="foreign" FIELDS="modifiedby" REFTABLE="user" REFFIELDS="id" COMMENT="foreign (modifiedby) references user (id)"/>
      </KEYS>
      <INDEXES>
        <INDEX NAME="badgeuser" UNIQUE="true" FIELDS="badgeid, userid"/>
      </INDEXES>
    </TABLE>
  </TABLES>
</XMLDB>